{
	"id": "19418807-605d-4a8c-b7b2-2451293c3aa4",
	"name": "phpipam",
	"values": [
		{
			"key": "appId",
			"value": "",
			"enabled": true
		},
		{
			"key": "subnet",
			"value": "",
			"enabled": true
		},
		{
			"key": "subnetId",
			"value": "",
			"enabled": true
		},
		{
			"key": "baseurl",
			"value": "",
			"enabled": true
		},
		{
			"key": "apptoken",
			"value": "",
			"enabled": true
		},
		{
			"key": "token",
			"value": "",
			"enabled": true
		},
		{
			"key": "ip",
			"value": "",
			"enabled": true
		},
		{
			"key": "username",
			"value": "",
			"enabled": true
		},
		{
			"key": "password",
			"value": "",
			"enabled": true
		}
	],
	"_postman_variable_scope": "environment",
	"_postman_exported_at": "2020-04-28T17:21:53.473Z",
	"_postman_exported_using": "Postman/7.23.0"
}