{
	"info": {
		"_postman_id": "6c204f1c-36aa-42cd-ba12-a48086adc645",
		"name": "PHPipam",
		"schema": "https://schema.getpostman.com/json/collection/v2.1.0/collection.json"
	},
	"item": [
		{
			"name": "Get Token",
			"event": [
				{
					"listen": "test",
					"script": {
						"id": "95c5a122-8dca-4448-8d15-3cb6ec31bac0",
						"exec": [
							"tests[\"Status code is 200\"] = responseCode.code === 200;",
							"tests[\"Response contains auth token\"] = responseBody.has(\"token\");",
							"postman.clearEnvironmentVariable(\"token\");",
							"var data = JSON.parse(responseBody);",
							"tests[\"Auth token is not null\"] = data.token !== \"\";",
							"postman.setEnvironmentVariable(\"token\", data.data.token);",
							""
						],
						"type": "text/javascript"
					}
				}
			],
			"request": {
				"auth": {
					"type": "basic",
					"basic": [
						{
							"key": "password",
							"value": "{{password}}",
							"type": "string"
						},
						{
							"key": "username",
							"value": "{{username}}",
							"type": "string"
						}
					]
				},
				"method": "POST",
				"header": [
					{
						"key": "Content-Type",
						"type": "text",
						"value": "application/json"
					},
					{
						"key": "{{apptoken}",
						"type": "text",
						"value": "",
						"disabled": true
					},
					{
						"key": "Host",
						"type": "text",
						"value": "",
						"disabled": true
					}
				],
				"body": {
					"mode": "raw",
					"raw": "",
					"options": {
						"raw": {}
					}
				},
				"url": {
					"raw": "{{baseurl}}/api/{{appId}}/user",
					"host": [
						"{{baseurl}}"
					],
					"path": [
						"api",
						"{{appId}}",
						"user"
					]
				}
			},
			"response": []
		},
		{
			"name": "Get All Sections",
			"protocolProfileBehavior": {
				"disableBodyPruning": true
			},
			"request": {
				"auth": {
					"type": "basic",
					"basic": [
						{
							"key": "password",
							"value": "{{password}}",
							"type": "string"
						},
						{
							"key": "username",
							"value": "{{username}}",
							"type": "string"
						}
					]
				},
				"method": "GET",
				"header": [
					{
						"key": "Content-Type",
						"type": "text",
						"value": "application/json"
					},
					{
						"key": "token",
						"type": "text",
						"value": "{{token}}"
					},
					{
						"key": "Host",
						"type": "text",
						"value": "",
						"disabled": true
					}
				],
				"body": {
					"mode": "raw",
					"raw": "",
					"options": {
						"raw": {}
					}
				},
				"url": {
					"raw": "{{baseurl}}/api/{{appId}}/sections",
					"host": [
						"{{baseurl}}"
					],
					"path": [
						"api",
						"{{appId}}",
						"sections"
					]
				}
			},
			"response": []
		},
		{
			"name": "Get All Subnets",
			"protocolProfileBehavior": {
				"disableBodyPruning": true
			},
			"request": {
				"auth": {
					"type": "basic",
					"basic": [
						{
							"key": "password",
							"value": "{{password}}",
							"type": "string"
						},
						{
							"key": "username",
							"value": "{{username}}",
							"type": "string"
						}
					]
				},
				"method": "GET",
				"header": [
					{
						"key": "Content-Type",
						"type": "text",
						"value": "application/json"
					},
					{
						"key": "token",
						"type": "text",
						"value": "{{token}}"
					},
					{
						"key": "Host",
						"type": "text",
						"value": "",
						"disabled": true
					}
				],
				"body": {
					"mode": "raw",
					"raw": "",
					"options": {
						"raw": {}
					}
				},
				"url": {
					"raw": "{{baseurl}}/api/{{appId}}/subnets",
					"host": [
						"{{baseurl}}"
					],
					"path": [
						"api",
						"{{appId}}",
						"subnets"
					]
				}
			},
			"response": []
		},
		{
			"name": "Get All Addresses",
			"protocolProfileBehavior": {
				"disableBodyPruning": true
			},
			"request": {
				"auth": {
					"type": "basic",
					"basic": [
						{
							"key": "password",
							"value": "{{password}}",
							"type": "string"
						},
						{
							"key": "username",
							"value": "{{username}}",
							"type": "string"
						}
					]
				},
				"method": "GET",
				"header": [
					{
						"key": "Content-Type",
						"type": "text",
						"value": "application/json"
					},
					{
						"key": "token",
						"type": "text",
						"value": "{{token}}"
					},
					{
						"key": "Host",
						"type": "text",
						"value": "",
						"disabled": true
					}
				],
				"body": {
					"mode": "raw",
					"raw": "",
					"options": {
						"raw": {}
					}
				},
				"url": {
					"raw": "{{baseurl}}/api/{{appId}}/addresses",
					"host": [
						"{{baseurl}}"
					],
					"path": [
						"api",
						"{{appId}}",
						"addresses"
					]
				}
			},
			"response": []
		},
		{
			"name": "Create New Address - First free",
			"request": {
				"auth": {
					"type": "basic",
					"basic": [
						{
							"key": "password",
							"value": "{{password}}",
							"type": "string"
						},
						{
							"key": "username",
							"value": "{{username}}",
							"type": "string"
						}
					]
				},
				"method": "POST",
				"header": [
					{
						"key": "Content-Type",
						"type": "text",
						"value": "application/json"
					},
					{
						"key": "token",
						"type": "text",
						"value": "{{token}}"
					},
					{
						"key": "Host",
						"type": "text",
						"value": "",
						"disabled": true
					}
				],
				"body": {
					"mode": "raw",
					"raw": "{\n\t\"hostname\" : \"test\",\n\t\"description\" : \"Test Api call\",\n\t\"owner\" : \"jensenr\"\n\n}",
					"options": {
						"raw": {}
					}
				},
				"url": {
					"raw": "{{baseurl}}/api/{{appId}}/addresses/first_free/{{subnetId}}/",
					"host": [
						"{{baseurl}}"
					],
					"path": [
						"api",
						"{{appId}}",
						"addresses",
						"first_free",
						"{{subnetId}}",
						""
					]
				}
			},
			"response": []
		},
		{
			"name": "Create New Address - Specific",
			"request": {
				"auth": {
					"type": "basic",
					"basic": [
						{
							"key": "password",
							"value": "{{password}}",
							"type": "string"
						},
						{
							"key": "username",
							"value": "{{username}}",
							"type": "string"
						}
					]
				},
				"method": "POST",
				"header": [
					{
						"key": "Content-Type",
						"type": "text",
						"value": "application/json"
					},
					{
						"key": "token",
						"type": "text",
						"value": "{{token}}"
					},
					{
						"key": "Host",
						"type": "text",
						"value": "",
						"disabled": true
					}
				],
				"body": {
					"mode": "raw",
					"raw": "{\"ip\":\"192.168.100.182\",\"subnetId\":10,\"hostname\":\"test\"}",
					"options": {
						"raw": {}
					}
				},
				"url": {
					"raw": "{{baseurl}}/api/{{appId}}/addresses/",
					"host": [
						"{{baseurl}}"
					],
					"path": [
						"api",
						"{{appId}}",
						"addresses",
						""
					]
				}
			},
			"response": []
		},
		{
			"name": "Update Record",
			"request": {
				"auth": {
					"type": "basic",
					"basic": [
						{
							"key": "password",
							"value": "{{password}}",
							"type": "string"
						},
						{
							"key": "username",
							"value": "{{username}}",
							"type": "string"
						}
					]
				},
				"method": "PATCH",
				"header": [
					{
						"key": "Content-Type",
						"type": "text",
						"value": "application/json"
					},
					{
						"key": "token",
						"type": "text",
						"value": "{{token}}"
					},
					{
						"key": "Host",
						"type": "text",
						"value": "",
						"disabled": true
					}
				],
				"body": {
					"mode": "raw",
					"raw": "{\"hostname\":\"hostname\",\"note\":\"new desc\"}",
					"options": {
						"raw": {}
					}
				},
				"url": {
					"raw": "{{baseurl}}/api/{{appId}}/addresses/284",
					"host": [
						"{{baseurl}}"
					],
					"path": [
						"api",
						"{{appId}}",
						"addresses",
						"284"
					]
				}
			},
			"response": []
		},
		{
			"name": "Delete IP",
			"request": {
				"auth": {
					"type": "basic",
					"basic": [
						{
							"key": "password",
							"value": "{{password}}",
							"type": "string"
						},
						{
							"key": "username",
							"value": "{{username}}",
							"type": "string"
						}
					]
				},
				"method": "DELETE",
				"header": [
					{
						"key": "Content-Type",
						"type": "text",
						"value": "application/json"
					},
					{
						"key": "token",
						"type": "text",
						"value": "{{token}}"
					},
					{
						"key": "Host",
						"type": "text",
						"value": "",
						"disabled": true
					}
				],
				"body": {
					"mode": "raw",
					"raw": "",
					"options": {
						"raw": {}
					}
				},
				"url": {
					"raw": "{{baseurl}}/api/{{appId}}/addresses/192.168.100.76/{{subnetId}}",
					"host": [
						"{{baseurl}}"
					],
					"path": [
						"api",
						"{{appId}}",
						"addresses",
						"192.168.100.76",
						"{{subnetId}}"
					]
				}
			},
			"response": []
		}
	],
	"protocolProfileBehavior": {}
}